CÃ³digo;Nome
1;Fernando Barbosa
2;Igor Ventorim
3;Jeferson Oliveira
4;Eric Marchetti
5;Andrew Barreto
6;Vinicius Arruda
7;Felipe Endlich
8;Mariella
9;John Paul of Almeida
10;Davidson Cury
11;Lucas Piske
12;Claudiete Boeresete
13;Vinicius Montanhes
14;Rosane
15;Roberta
16;Berilhes
17;Mohammed
18;Dom Pedro XXX
19;Willy Wonka
20;Paulo Artung
21;Dilma
22;Aecio
23;Obama
24;Bill Clinton
25;Marie Curie
26;Gustavo Duarte
27;Gustavo do Bom Jardim
28;Gustavo do Nem Tao Bom Jardim
29;Gustavo do Jardim Ruim
30;123 de Oliveira 4
